1,Success,1,2,Temp,110110,10.10.2.1,firefox,text,11,Payload 1,110110,TEMP,200,TEST,200,110110,1459449000000
2,Success,2,3,Temp,110112,10.10.2.2,firefox,text,12,Payload 2,110112,TEMP,200,TEST,200,110112,1459449000001
3,Success,3,4,Temp,110113,10.10.2.3,firefox,text,13,Payload 3,110113,TEMP,200,TEST,200,110113,1459449000002
4,Success,4,5,Temp,110114,10.10.2.4,firefox,text,14,Payload 4,110114,TEMP,200,TEST,200,110114,1459449000003
5,Success,5,6,Temp,110116,10.10.2.5,firefox,text,15,Payload 5,110116,TEMP,200,TEST,200,110116,1459449000004
6,Success,6,7,Temp,110117,10.10.2.6,firefox,text,16,Payload 6,110117,TEMP,200,TEST,200,110117,1459449000005
7,Success,7,8,Temp,110118,10.10.2.7,firefox,text,17,Payload 7,110118,TEMP,200,TEST,303,110118,1459449000006
8,Success,8,9,Temp,110119,10.10.2.8,firefox,text,18,Payload 8,110119,TEMP,200,TEST,500,110119,1459449000007
9,Success,9,10,Temp,110120,10.10.2.9,firefox,text,19,Payload 9,110120,TEMP,200,TEST,200,110120,1459449000008
10,Success,10,11,Temp,110121,10.10.2.10,firefox,text,20,Payload 10,110121,TEMP,200,TEST,303,110121,1459449000009
11,Success,11,12,Temp,110123,10.10.2.11,firefox,text,21,Payload 11,110123,TEMP,200,TEST,200,110123,1459449000010
12,Success,12,13,Temp,110125,10.10.2.12,firefox,text,22,Payload 12,110125,TEMP,200,TEST,200,110125,1459449000011
13,Success,13,14,Temp,110126,10.10.2.13,firefox,text,23,Payload 13,110126,TEMP,200,TEST,200,110126,1459449000012
14,Success,14,15,Temp,110127,10.10.2.14,firefox,text,24,Payload 14,110127,TEMP,200,TEST,200,110127,1459449000013
15,Success,15,16,Temp,110128,10.10.2.15,firefox,text,25,Payload 15,110128,TEMP,200,TEST,200,110128,1459449000014
16,Success,16,17,Temp,110130,10.10.2.16,firefox,text,26,Payload 16,110130,TEMP,400,TEST,200,110130,1459449000015
17,Success,17,18,Temp,110131,10.10.2.17,firefox,text,27,Payload 17,110131,TEMP,200,TEST,200,110131,1459449000016
18,Success,18,19,Temp,110134,10.10.2.18,firefox,text,28,Payload 18,110134,TEMP,200,TEST,500,110134,1459449000017
19,Success,19,20,Temp,110136,10.10.2.19,firefox,text,29,Payload 19,110136,TEMP,400,TEST,200,110136,1459535400000
20,Success,20,21,Temp,110137,10.10.2.20,firefox,text,30,Payload 20,110137,TEMP,200,TEST,200,110137,1459535400001
21,Success,21,22,Temp,110138,10.10.2.21,firefox,text,31,Payload 21,110138,TEMP,200,TEST,303,110138,1459535400002
22,Success,22,23,Temp,110139,10.10.2.22,firefox,text,32,Payload 22,110139,TEMP,200,TEST,200,110139,1459535400003
23,Success,23,24,Temp,110140,10.10.2.23,firefox,text,33,Payload 23,110140,TEMP,200,TEST,200,110140,1459535400004
24,Success,24,25,Temp,110141,10.10.2.24,firefox,text,34,Payload 24,110141,TEMP,200,TEST,200,110141,1459535400005
25,Success,25,26,Temp,110143,10.10.2.25,firefox,text,35,Payload 25,110143,TEMP,200,TEST,303,110143,1459535400006
26,Success,26,27,Temp,110144,10.10.2.26,firefox,text,36,Payload 26,110144,TEMP,200,TEST,200,110144,1459535400007
27,Success,27,28,Temp,110145,10.10.2.27,firefox,text,37,Payload 27,110145,TEMP,200,TEST,200,110145,1459535400008
28,Success,28,29,Temp,110146,10.10.2.28,firefox,text,38,Payload 28,110146,TEMP,200,TEST,200,110146,1459535400009
29,Success,29,30,Temp,110147,10.10.2.29,firefox,text,39,Payload 29,110147,TEMP,200,TEST,200,110147,1459535400010
30,Success,30,31,Temp,110148,10.10.2.30,firefox,text,40,Payload 30,110148,TEMP,200,TEST,200,110148,1459535400011
31,Success,31,32,Temp,110150,10.10.2.31,firefox,text,41,Payload 31,110150,TEMP,200,TEST,200,110150,1459535400012
32,Success,32,33,Temp,110151,10.10.2.32,firefox,text,42,Payload 32,110151,TEMP,200,TEST,500,110151,1459535400013
33,Success,33,34,Temp,110152,10.10.2.33,firefox,text,43,Payload 33,110152,TEMP,200,TEST,200,110152,1459535400014
34,Success,34,35,Temp,110153,10.10.2.34,firefox,text,44,Payload 34,110153,TEMP,200,TEST,200,110153,1459535400015
35,Success,35,36,Temp,110154,10.10.2.35,firefox,text,45,Payload 35,110154,TEMP,200,TEST,303,110154,1459535400016
36,Success,36,37,Temp,110155,10.10.2.36,firefox,text,46,Payload 36,110155,TEMP,200,TEST,200,110155,1459535400017
37,Success,37,38,Temp,110156,10.10.2.37,firefox,text,47,Payload 37,110156,TEMP,200,TEST,200,110156,1459535400017
38,Success,38,39,Temp,110157,10.10.2.38,firefox,text,48,Payload 38,110157,TEMP,200,TEST,303,110157,1459535400017
39,Success,39,40,Temp,110158,10.10.2.39,firefox,text,49,Payload 39,110158,TEMP,200,TEST,200,110158,1459621800000
40,Success,40,41,Temp,110159,10.10.2.40,firefox,text,50,Payload 40,110159,TEMP,400,TEST,200,110159,1459621800001
41,Success,41,42,Temp,110160,10.10.2.41,firefox,text,51,Payload 41,110160,TEMP,200,TEST,200,110160,1459621800002
42,Success,42,43,Temp,110162,10.10.2.42,firefox,text,52,Payload 42,110162,TEMP,200,TEST,200,110162,1459621800003
43,Success,43,44,Temp,110163,10.10.2.43,firefox,text,53,Payload 43,110163,TEMP,200,TEST,200,110163,1459621800004
44,Success,44,45,Temp,110164,10.10.2.44,firefox,text,54,Payload 44,110164,TEMP,200,TEST,303,110164,1459621800005
45,Success,45,46,Temp,110166,10.10.2.45,firefox,text,55,Payload 45,110166,TEMP,200,TEST,200,110166,1459621800006
46,Success,46,47,Temp,110167,10.10.2.46,firefox,text,56,Payload 46,110167,TEMP,200,TEST,200,110167,1459621800007
47,Success,47,48,Temp,110168,10.10.2.47,firefox,text,57,Payload 47,110168,TEMP,200,TEST,200,110168,1459621800008
48,Success,48,49,Temp,110170,10.10.2.48,firefox,text,58,Payload 48,110170,TEMP,200,TEST,500,110170,1459621800009
49,Success,49,50,Temp,110171,10.10.2.49,firefox,text,59,Payload 49,110171,TEMP,200,TEST,200,110171,1459621800010
50,Success,50,51,Temp,110172,10.10.2.50,firefox,text,60,Payload 50,110172,TEMP,200,TEST,500,110172,1459621800011
51,Success,51,52,Temp,110174,10.10.2.51,firefox,text,61,Payload 51,110174,TEMP,200,TEST,200,110174,1459621800012
52,Success,52,53,Temp,110175,10.10.2.52,firefox,text,62,Payload 52,110175,TEMP,200,TEST,200,110175,1459708200000
53,Success,53,54,Temp,110176,10.10.2.53,firefox,text,63,Payload 53,110176,TEMP,200,TEST,200,110176,1459708200001
54,Success,54,55,Temp,110177,10.10.2.54,firefox,text,64,Payload 54,110177,TEMP,200,TEST,200,110177,1459708200002
55,Success,55,56,Temp,110178,10.10.2.55,firefox,text,65,Payload 55,110178,TEMP,200,TEST,200,110178,1459708200003
56,Success,56,57,Temp,110180,10.10.2.56,firefox,text,66,Payload 56,110180,TEMP,200,TEST,200,110180,1459708200004
57,Success,57,58,Temp,110181,10.10.2.57,firefox,text,67,Payload 57,110181,TEMP,200,TEST,200,110181,1459708200005
58,Success,58,59,Temp,110182,10.10.2.58,firefox,text,68,Payload 58,110182,TEMP,200,TEST,200,110182,1459708200006
59,Success,59,60,Temp,110183,10.10.2.59,firefox,text,69,Payload 59,110183,TEMP,200,TEST,200,110183,1459708200007
60,Success,60,61,Temp,110184,10.10.2.60,firefox,text,70,Payload 60,110184,TEMP,200,TEST,200,110184,1459708200008
61,Success,61,62,Temp,110186,10.10.2.61,firefox,text,71,Payload 61,110186,TEMP,200,TEST,200,110186,1459708200009
62,Success,62,63,Temp,110187,10.10.2.62,firefox,text,72,Payload 62,110187,TEMP,200,TEST,200,110187,1459708200010
63,Success,63,64,Temp,110188,10.10.2.63,firefox,text,73,Payload 63,110188,TEMP,200,TEST,200,110188,1459708200011
64,Success,64,65,Temp,110189,10.10.2.64,firefox,text,74,Payload 64,110189,TEMP,200,TEST,200,110189,1459708200012
65,Success,65,66,Temp,110190,10.10.2.65,firefox,text,75,Payload 65,110190,TEMP,200,TEST,200,110190,1459794600000
66,Success,66,67,Temp,110192,10.10.2.66,firefox,text,76,Payload 66,110192,TEMP,200,TEST,200,110192,1459794600001
67,Success,67,68,Temp,110193,10.10.2.67,firefox,text,77,Payload 67,110193,TEMP,200,TEST,200,110193,1459794600002
68,Success,68,69,Temp,110195,10.10.2.68,firefox,text,78,Payload 68,110195,TEMP,200,TEST,200,110195,1459794600003
69,Success,69,70,Temp,110197,10.10.2.69,firefox,text,79,Payload 69,110197,TEMP,200,TEST,200,110197,1459794600004
70,Success,70,71,Temp,110198,10.10.2.70,firefox,text,80,Payload 70,110198,TEMP,200,TEST,200,110198,1459794600005
71,Success,71,72,Temp,110199,10.10.2.71,firefox,text,81,Payload 71,110199,TEMP,200,TEST,200,110199,1459794600006
72,Success,72,73,Temp,110200,10.10.2.72,firefox,text,82,Payload 72,110200,TEMP,200,TEST,200,110200,1459794600007
73,Success,73,74,Temp,110202,10.10.2.73,firefox,text,83,Payload 73,110202,TEMP,200,TEST,200,110202,1459881000000
74,Success,74,75,Temp,110203,10.10.2.74,firefox,text,84,Payload 74,110203,TEMP,200,TEST,200,110203,1459881000001
75,Success,75,76,Temp,110204,10.10.2.75,firefox,text,85,Payload 75,110204,TEMP,200,TEST,200,110204,1459881000002
76,Success,76,77,Temp,110205,10.10.2.76,firefox,text,86,Payload 76,110205,TEMP,200,TEST,200,110205,1459881000003
77,Success,77,78,Temp,110206,10.10.2.77,firefox,text,87,Payload 77,110206,TEMP,200,TEST,200,110206,1459881000004
78,Success,78,79,Temp,110208,10.10.2.78,firefox,text,88,Payload 78,110208,TEMP,200,TEST,200,110208,1459881000005
79,Success,79,80,Temp,110209,10.10.2.79,firefox,text,89,Payload 79,110209,TEMP,200,TEST,200,110209,1459881000006
80,Success,80,81,Temp,110210,10.10.2.80,firefox,text,90,Payload 80,110210,TEMP,200,TEST,200,110210,1459881000007
81,Success,81,82,Temp,110211,10.10.2.81,firefox,text,91,Payload 81,110211,TEMP,200,TEST,200,110211,1459881000008
